cladophialophora.endolichena.1_tyr5	cladophialophora.endolichena.1_tyr5
cladophialophora.endolichena.1_tyr8	cladophialophora.endolichena.1_tyr8
umbilicaria.crustulosa.2_tyr13	umbilicaria.crustulosa.2_tyr13
phaeophyscia.squarrosa.1_tyr25	phaeophyscia.squarrosa.1_tyr25
platismatia.glauca.2_tyr27	platismatia.glauca.2_tyr27
flavoplaca.citrina.1_tyr34	flavoplaca.citrina.1_tyr34
arthonia.susa.1_tyr48	arthonia.susa.1_tyr48
sticta.canariensis.1_tyr72	sticta.canariensis.1_tyr72
sticta.canariensis.1_tyr72	nephroma.helveticum.1_tyr1247
lecidea.sp..1_tyr76	lecidea.sp..1_tyr76
muellerella.sp..1_tyr85	muellerella.sp..1_tyr85
gomphillus.calycioides.1_tyr105	gomphillus.calycioides.1_tyr105
gomphillus.calycioides.1_tyr105	gomphillus.calycioides.1_tyr2843
lecanoromycetes.sp..3_tyr106	lecanoromycetes.sp..3_tyr106
lecanoromycetes.sp..3_tyr106	dermiscellum.oulocheilum.1_tyr107
lecanoromycetes.sp..3_tyr106	xylographa.soralifera.1_tyr200
lecanoromycetes.sp..3_tyr106	umbilicaria.mammulata.1_tyr360
lecanoromycetes.sp..3_tyr106	pertusariales.sp..1_tyr2468
lecanoromycetes.sp..3_tyr106	hypotrachyna.lividescens.1_tyr1740
lecanoromycetes.sp..3_tyr106	stereocaulon.virgatum.1_tyr1960
lecanoromycetes.sp..3_tyr106	byssoloma.meadii.1_tyr3705
lecanoromycetes.sp..3_tyr106	rhizocarpon.subgeminatum.1_tyr3783
lecanoromycetes.sp..3_tyr106	psora.testacea.1_tyr3791
lecanoromycetes.sp..3_tyr106	pannaria.tavaresii.1_tyr1358
lecanoromycetes.sp..3_tyr106	stereocaulon.virgatum.1_tyr1494
lecanoromycetes.sp..3_tyr106	biatora.pontica.1_tyr3278
lecanoromycetes.sp..3_tyr106	lepra.amara.1_tyr4152
lecanoromycetes.sp..3_tyr106	puttea.exsequens.1_tyr2206
endocarpon.pusillum.2_tyr109	endocarpon.pusillum.2_tyr109
endocarpon.pusillum.2_tyr109	umbilicaria.spodochroa.4_tyr2480
endocarpon.pusillum.2_tyr109	gypsoplaca.macrophylla.1_tyr2626
endocarpon.pusillum.2_tyr109	muellerella.sp..1_tyr1791
endocarpon.pusillum.2_tyr109	cladophialophora.endolichena.1_tyr969
endocarpon.pusillum.2_tyr109	endocarpon.pusillum.2_tyr1208
endocarpon.pusillum.2_tyr109	umbilicaria.spodochroa.1_tyr3402
endocarpon.pusillum.2_tyr109	lambiella.insularis.1_tyr2208
lecanoromycetidae.sp..1_tyr127	lecanoromycetidae.sp..1_tyr127
punctelia.appalachensis.1_tyr157	punctelia.appalachensis.1_tyr157
xylographa.bjoerkii.1_tyr163	xylographa.bjoerkii.1_tyr163
trapelia.coarctata.1_tyr166	trapelia.coarctata.1_tyr166
arthoniomycete.sp..1_tyr168	arthoniomycete.sp..1_tyr168
coniocarpon.cinnabarinum.2_tyr169	coniocarpon.cinnabarinum.2_tyr169
cornicularia.normoerica.2_tyr176	cornicularia.normoerica.2_tyr176
cornicularia.normoerica.2_tyr176	parmeliaceae.sp..6_tyr1684
ramalina.thrausta.1_tyr185	ramalina.thrausta.1_tyr185
endocarpon.pusillum.3_tyr187	endocarpon.pusillum.3_tyr187
ochrolechia.trochophora.1_tyr194	ochrolechia.trochophora.1_tyr194
ochrolechia.trochophora.1_tyr194	pertusaria.epixantha.1_tyr1834
cladonia.kurokawae.1_tyr218	cladonia.kurokawae.1_tyr218
stictis.urceolata.2_tyr224	stictis.urceolata.2_tyr224
pertusaria.andersoniae.1_tyr225	pertusaria.andersoniae.1_tyr225
lecanoromycetes.sp..2_tyr232	lecanoromycetes.sp..2_tyr232
lecidea.sp..1_tyr236	lecidea.sp..1_tyr236
parmeliaceae.sp..16_tyr251	parmeliaceae.sp..16_tyr251
parmeliaceae.sp..16_tyr251	umbilicaria.crustulosa.1_tyr445
parmeliaceae.sp..16_tyr251	umbilicaria.crustulosa.2_tyr1384
psora.crenata.1_tyr256	psora.crenata.1_tyr256
umbilicaria.grisea.2_tyr276	umbilicaria.grisea.2_tyr276
umbilicaria.grisea.2_tyr276	umbilicaria.crustulosa.1_tyr206
umbilicaria.grisea.2_tyr276	umbilicaria.grisea.2_tyr2586
umbilicaria.grisea.2_tyr276	umbilicaria.iberica.3_tyr2633
umbilicaria.grisea.2_tyr276	umbilicaria.iberica.2_tyr2672
umbilicaria.grisea.2_tyr276	umbilicaria.crustulosa.2_tyr2754
umbilicaria.grisea.2_tyr276	umbilicaria.polyphylla.4_tyr1696
umbilicaria.grisea.2_tyr276	umbilicaria.iberica.2_tyr1992
umbilicaria.grisea.2_tyr276	umbilicaria.polyphylla.3_tyr3734
umbilicaria.grisea.2_tyr276	umbilicaria.polyphylla.4_tyr441
umbilicaria.grisea.2_tyr276	umbilicaria.spodochroa.2_tyr604
umbilicaria.grisea.2_tyr276	umbilicaria.grisea.2_tyr666
umbilicaria.grisea.2_tyr276	umbilicaria.crustulosa.3_tyr1334
umbilicaria.grisea.2_tyr276	umbilicaria.nylanderiana.2_tyr1507
umbilicaria.grisea.2_tyr276	umbilicaria.nylanderiana.2_tyr1508
umbilicaria.grisea.2_tyr276	umbilicaria.nylanderiana.1_tyr1511
umbilicaria.grisea.2_tyr276	umbilicaria.deusta.4_tyr2873
umbilicaria.grisea.2_tyr276	umbilicaria.grisea.1_tyr2933
umbilicaria.grisea.2_tyr276	umbilicaria.subpolyphylla.1_tyr2940
umbilicaria.grisea.2_tyr276	umbilicaria.polyphylla.4_tyr3117
umbilicaria.grisea.2_tyr276	umbilicaria.polyphylla.3_tyr825
umbilicaria.grisea.2_tyr276	umbilicaria.iberica.3_tyr1102
umbilicaria.grisea.2_tyr276	umbilicaria.vellea.1_tyr1156
umbilicaria.grisea.2_tyr276	umbilicaria.polyphylla.1_tyr3306
umbilicaria.grisea.2_tyr276	umbilicaria.freyi.1_tyr3377
umbilicaria.grisea.2_tyr276	umbilicaria.deusta.2_tyr3550
umbilicaria.grisea.2_tyr276	umbilicaria.deusta.3_tyr4089
umbilicaria.grisea.2_tyr276	umbilicaria.nylanderiana.2_tyr2047
umbilicaria.grisea.2_tyr276	umbilicaria.americana.1_tyr2054
umbilicaria.grisea.2_tyr276	umbilicaria.crustulosa.2_tyr2373
umbilicaria.grisea.2_tyr276	umbilicaria.deusta.2_tyr2374
umbilicaria.grisea.2_tyr276	umbilicaria.vellea.1_tyr2395
teratosphaeriaceae.sp..1_tyr277	teratosphaeriaceae.sp..1_tyr277
teratosphaeriaceae.sp..1_tyr278	teratosphaeriaceae.sp..1_tyr278
agyrium.rufum.1_tyr287	agyrium.rufum.1_tyr287
pertusaria.propinqua.1_tyr292	pertusaria.propinqua.1_tyr292
chrysothrix.sp..1_tyr303	chrysothrix.sp..1_tyr303
chrysothrix.sp..1_tyr303	chrysothrix.sp..1_tyr2178
lecanora.hybocarpa.1_tyr316	lecanora.hybocarpa.1_tyr316
pseudevernia.furfuracea.1_tyr327	pseudevernia.furfuracea.1_tyr327
lecanora.albella.1_tyr331	lecanora.albella.1_tyr331
endocarpon.pusillum.2_tyr350	endocarpon.pusillum.2_tyr350
endocarpon.pusillum.2_tyr350	umbilicaria.mammulata.1_tyr2778
endocarpon.pusillum.2_tyr350	gyalecta.farlowii.1_tyr1367
endocarpon.pusillum.2_tyr350	sticta.canariensis.1_tyr1098
endocarpon.pusillum.2_tyr350	phlyctis.petraea.1_tyr3429
pectenia.cyanoloma.1_tyr365	pectenia.cyanoloma.1_tyr365
trapelia.coarctata.1_tyr378	trapelia.coarctata.1_tyr378
lecanorales.sp..2_tyr388	lecanorales.sp..2_tyr388
stictis.urceolata.2_tyr390	stictis.urceolata.2_tyr390
cladonia.coccifera.1_tyr2439	cladonia.coccifera.1_tyr2439
cladonia.coccifera.1_tyr2439	cladonia.macilenta.2_tyr3842
lecanorales.sp..5_tyr2453	lecanorales.sp..5_tyr2453
umbilicaria.crustulosa.1_tyr2456	umbilicaria.crustulosa.1_tyr2456
umbilicaria.crustulosa.1_tyr2456	umbilicaria.crustulosa.1_tyr344
umbilicaria.crustulosa.1_tyr2456	umbilicaria.crustulosa.1_tyr345
umbilicaria.crustulosa.1_tyr2456	umbilicaria.spodochroa.4_tyr2481
umbilicaria.crustulosa.1_tyr2456	umbilicaria.hispanica.1_tyr1613
umbilicaria.crustulosa.1_tyr2456	umbilicaria.crustulosa.1_tyr3817
umbilicaria.crustulosa.1_tyr2456	umbilicaria.grisea.2_tyr3937
pertusaria.ostiolata.1_tyr2466	pertusaria.ostiolata.1_tyr2466
stictis.urceolata.2_tyr2470	stictis.urceolata.2_tyr2470
thelotrema.lepadinum.1_tyr2472	thelotrema.lepadinum.1_tyr2472
thelotrema.lepadinum.1_tyr2472	nadvornikia.sorediata.1_tyr1018
endocarpon.pusillum.2_tyr2473	endocarpon.pusillum.2_tyr2473
umbilicaria.spodochroa.4_tyr2482	umbilicaria.spodochroa.4_tyr2482
umbilicaria.spodochroa.4_tyr2482	cladonia.squamosa.3_tyr2801
umbilicaria.spodochroa.4_tyr2482	buellia.spuria.2_tyr1900
umbilicaria.spodochroa.4_tyr2482	polycauliona.sp..2_tyr1999
umbilicaria.spodochroa.4_tyr2482	teloschistes.exilis.1_tyr3644
umbilicaria.spodochroa.4_tyr2482	phyllopsora.corallina.1_tyr576
umbilicaria.spodochroa.4_tyr2482	micareopsis.irriguata.1_tyr737
umbilicaria.spodochroa.4_tyr2482	botryolepraria.lesdainii.1_tyr3615
umbilicaria.spodochroa.4_tyr2482	peltigera.leucophlebia.1_tyr2401
loekoesia.sp..1_tyr2499	loekoesia.sp..1_tyr2499
chrysothrix.sp..1_tyr2503	chrysothrix.sp..1_tyr2503
lambiella.insularis.1_tyr2509	lambiella.insularis.1_tyr2509
gyalolechia.ehrenbergii.1_tyr2514	gyalolechia.ehrenbergii.1_tyr2514
gyalolechia.ehrenbergii.1_tyr2514	lasallia.pustulata.7_tyr2471
gyalolechia.ehrenbergii.1_tyr2514	lasallia.pustulata.3_tyr3966
gyalolechia.ehrenbergii.1_tyr2514	solorina.crocea.1_tyr3631
gyalolechia.ehrenbergii.1_tyr2514	umbilicaria.hispanica.4_tyr2335
pseudocyphellaria.aurata.1_tyr2535	pseudocyphellaria.aurata.1_tyr2535
exophiala.sp..1_tyr2542	exophiala.sp..1_tyr2542
psora.testacea.1_tyr2544	psora.testacea.1_tyr2544
flavoplaca.marina.2_tyr2556	flavoplaca.marina.2_tyr2556
peltigera.extenuata.1_tyr2566	peltigera.extenuata.1_tyr2566
imshaugia.aleurites.2_tyr2567	imshaugia.aleurites.2_tyr2567
teratosphaeriaceae.sp..1_tyr2580	teratosphaeriaceae.sp..1_tyr2580
peltigera.leucophlebia.1_tyr2605	peltigera.leucophlebia.1_tyr2605
endocarpon.pusillum.1_tyr2609	endocarpon.pusillum.1_tyr2609
porpidia.subsimplex.1_tyr2619	porpidia.subsimplex.1_tyr2619
massalongia.carnosa.1_tyr2628	massalongia.carnosa.1_tyr2628
buellia.spuria.1_tyr2629	buellia.spuria.1_tyr2629
kuettlingeria.erythrocarpa.1_tyr2630	kuettlingeria.erythrocarpa.1_tyr2630
umbilicaria.iberica.1_tyr2631	umbilicaria.iberica.1_tyr2631
umbilicaria.iberica.1_tyr2631	umbilicaria.iberica.2_tyr1990
umbilicaria.iberica.1_tyr2631	umbilicaria.polyphylla.3_tyr3787
umbilicaria.iberica.1_tyr2631	umbilicaria.nylanderiana.1_tyr722
umbilicaria.iberica.1_tyr2631	umbilicaria.polyphylla.1_tyr2013
brianaria.bauschiana.1_tyr2644	brianaria.bauschiana.1_tyr2644
endocarpon.pusillum.1_tyr2645	endocarpon.pusillum.1_tyr2645
endocarpon.pusillum.1_tyr2645	umbilicaria.spodochroa.2_tyr2686
parmeliaceae.sp..15_tyr2654	parmeliaceae.sp..15_tyr2654
parmeliaceae.sp..15_tyr2654	xanthoparmelia.taractica.1_tyr115
leucodecton.sp..1_tyr2657	leucodecton.sp..1_tyr2657
umbilicaria.muhlenbergii.1_tyr2675	umbilicaria.muhlenbergii.1_tyr2675
lepra.amara.1_tyr2731	lepra.amara.1_tyr2731
porpidia.subsimplex.1_tyr2738	porpidia.subsimplex.1_tyr2738
umbilicaria.crustulosa.2_tyr2752	umbilicaria.crustulosa.2_tyr2752
leucodermia.leucomelos.1_tyr2768	leucodermia.leucomelos.1_tyr2768
stictis.urceolata.2_tyr2769	stictis.urceolata.2_tyr2769
endocarpon.pusillum.1_tyr2774	endocarpon.pusillum.1_tyr2774
variospora.aurantia.1_tyr2779	variospora.aurantia.1_tyr2779
pertusaria.ostiolata.1_tyr2780	pertusaria.ostiolata.1_tyr2780
lecidea.sp..1_tyr2799	lecidea.sp..1_tyr2799
cyanodermella.asteris.1_tyr2814	cyanodermella.asteris.1_tyr2814
ionaspis.lacustris.1_tyr2819	ionaspis.lacustris.1_tyr2819
ionaspis.lacustris.1_tyr2819	baeomycetales.sp..2_tyr1975
pertusaria.epixantha.1_tyr2831	pertusaria.epixantha.1_tyr2831
heterodermia.obscurata.1_tyr2835	heterodermia.obscurata.1_tyr2835
solorina.crocea.1_tyr2839	solorina.crocea.1_tyr2839
xanthoparmelia.tasmanica.1_tyr2842	xanthoparmelia.tasmanica.1_tyr2842
umbilicaria.hispanica.1_tyr1614	umbilicaria.hispanica.1_tyr1614
umbilicaria.hispanica.1_tyr1614	letrouitia.sp..1_tyr120
umbilicaria.hispanica.1_tyr1614	trapelia.coarctata.1_tyr2449
umbilicaria.hispanica.1_tyr1614	stictis.urceolata.1_tyr2464
umbilicaria.hispanica.1_tyr1614	lecanoromycetes.sp..5_tyr2729
umbilicaria.hispanica.1_tyr1614	letrouitia.transgressa.1_tyr1835
umbilicaria.hispanica.1_tyr1614	byssoloma.subdiscordans.1_tyr3807
umbilicaria.hispanica.1_tyr1614	brianaria.bauschiana.1_tyr3821
umbilicaria.hispanica.1_tyr1614	mycoblastus.sanguinarius.2_tyr3880
umbilicaria.hispanica.1_tyr1614	umbilicaria.crustulosa.1_tyr450
umbilicaria.hispanica.1_tyr1614	acanthothecis.fontana.1_tyr2875
umbilicaria.hispanica.1_tyr1614	cladonia.squamosa.4_tyr3051
umbilicaria.hispanica.1_tyr1614	protoblastenia.rupestris.1_tyr3083
umbilicaria.hispanica.1_tyr1614	lecanora.subimmergens.1_tyr3127
umbilicaria.hispanica.1_tyr1614	ochrolechia.trochophora.1_tyr784
umbilicaria.hispanica.1_tyr1614	fuscopannaria.leucosticta.1_tyr817
umbilicaria.hispanica.1_tyr1614	usnea.hakonensis.1_tyr1059
umbilicaria.hispanica.1_tyr1614	imshaugia.aleurites.2_tyr1162
umbilicaria.hispanica.1_tyr1614	bacidia.gigantensis.1_tyr1202
umbilicaria.hispanica.1_tyr1614	umbilicaria.crustulosa.2_tyr1223
umbilicaria.hispanica.1_tyr1614	porina.heterospora.1_tyr1249
umbilicaria.hispanica.1_tyr1614	trapelia.coarctata.1_tyr3269
umbilicaria.hispanica.1_tyr1614	lecanorales.sp..1_tyr3277
umbilicaria.hispanica.1_tyr1614	cladonia.sp..3_tyr3641
umbilicaria.hispanica.1_tyr1614	dimelaena.oreina.1_tyr4064
umbilicaria.hispanica.1_tyr1614	sticta.canariensis.1_tyr4091
umbilicaria.hispanica.1_tyr1614	stictis.urceolata.1_tyr2397
umbilicaria.americana.1_tyr1621	umbilicaria.americana.1_tyr1621
icmadophila.ericetorum.1_tyr1628	icmadophila.ericetorum.1_tyr1628
umbilicaria.vellea.1_tyr1644	umbilicaria.vellea.1_tyr1644
heterodermia.speciosa.3_tyr1655	heterodermia.speciosa.3_tyr1655
lecanora.helva.1_tyr1660	lecanora.helva.1_tyr1660
lecanora.hybocarpa.1_tyr1670	lecanora.hybocarpa.1_tyr1670
rhizocarpon.geographicum.1_tyr1674	rhizocarpon.geographicum.1_tyr1674
arthonia.radiata.1_tyr1680	arthonia.radiata.1_tyr1680
diploschistes.diacapsis.1_tyr1681	diploschistes.diacapsis.1_tyr1681
gyalolechia.ehrenbergii.1_tyr1689	gyalolechia.ehrenbergii.1_tyr1689
xylographa.bjoerkii.1_tyr1691	xylographa.bjoerkii.1_tyr1691
aspicilia.laevata.1_tyr1692	aspicilia.laevata.1_tyr1692
hypotrachyna.osseoalba.1_tyr1699	hypotrachyna.osseoalba.1_tyr1699
icmadophila.ericetorum.1_tyr1705	icmadophila.ericetorum.1_tyr1705
micareopsis.irriguata.1_tyr1708	micareopsis.irriguata.1_tyr1708
botryolepraria.lesdainii.1_tyr1709	botryolepraria.lesdainii.1_tyr1709
botryolepraria.lesdainii.1_tyr1709	endocarpon.pusillum.2_tyr2477
lecanora.strobilina.1_tyr1712	lecanora.strobilina.1_tyr1712
lecanora.strobilina.1_tyr1712	lecanoromycetes.sp..5_tyr3245
mobergia.calculiformis.1_tyr1718	mobergia.calculiformis.1_tyr1718
mobergia.calculiformis.1_tyr1718	heterodermia.speciosa.2_tyr1845
cladonia.macilenta.1_tyr1721	cladonia.macilenta.1_tyr1721
mycosphaerellales.sp..1_tyr1726	mycosphaerellales.sp..1_tyr1726
baeomycetales.sp..4_tyr1767	baeomycetales.sp..4_tyr1767
baeomycetales.sp..4_tyr1767	rhizocarpon.geographicum.1_tyr1673
pseudopyrenochaetaceae.sp..1_tyr1768	pseudopyrenochaetaceae.sp..1_tyr1768
pseudopyrenochaetaceae.sp..1_tyr1768	umbilicaria.crustulosa.1_tyr673
stereocaulon.virgatum.1_tyr1769	stereocaulon.virgatum.1_tyr1769
muellerella.sp..1_tyr1789	muellerella.sp..1_tyr1789
flavoplaca.austrocitrina.1_tyr1793	flavoplaca.austrocitrina.1_tyr1793
icmadophila.ericetorum.2_tyr1798	icmadophila.ericetorum.2_tyr1798
buellia.spuria.2_tyr1802	buellia.spuria.2_tyr1802
coniocarpon.cinnabarinum.1_tyr1808	coniocarpon.cinnabarinum.1_tyr1808
coniocarpon.cinnabarinum.1_tyr1808	coniocarpon.cinnabarinum.2_tyr1478
coniocarpon.cinnabarinum.1_tyr1808	zwackhia.viridis.1_tyr855
coniocarpon.cinnabarinum.1_tyr1809	coniocarpon.cinnabarinum.1_tyr1809
flavoplaca.marina.2_tyr1816	flavoplaca.marina.2_tyr1816
flavoplaca.marina.2_tyr1816	umbilicaria.crustulosa.2_tyr15
flavoplaca.marina.2_tyr1816	lasallia.papulosa.1_tyr80
flavoplaca.marina.2_tyr1816	lepraria.finkii.1_tyr329
flavoplaca.marina.2_tyr1816	lepraria.neglecta.1_tyr2667
flavoplaca.marina.2_tyr1816	lepraria.leprolomopsis.1_tyr2773
flavoplaca.marina.2_tyr1816	dermiscellum.oulocheilum.1_tyr1667
flavoplaca.marina.2_tyr1816	polycauliona.sp..2_tyr1326
flavoplaca.marina.2_tyr1816	lecidea.sp..1_tyr1333
flavoplaca.marina.2_tyr1816	lecanora.oreinoides.1_tyr3132
flavoplaca.marina.2_tyr1816	cladonia.diversa.1_tyr882
flavoplaca.marina.2_tyr1816	dirinaria.sp..1_tyr981
flavoplaca.marina.2_tyr1816	umbilicaria.crustulosa.2_tyr1222
flavoplaca.marina.2_tyr1816	buellia.mamillana.1_tyr2261
lecidella.sp..1_tyr1820	lecidella.sp..1_tyr1820
lecidella.sp..1_tyr1820	lecanora.hybocarpa.1_tyr2977
leptogium.corticola.1_tyr1821	leptogium.corticola.1_tyr1821
leptogium.corticola.1_tyr1821	leptogium.corticola.1_tyr2029
xanthoparmelia.verrucella.1_tyr1823	xanthoparmelia.verrucella.1_tyr1823
icmadophila.ericetorum.1_tyr1831	icmadophila.ericetorum.1_tyr1831
letrouitia.transgressa.1_tyr1836	letrouitia.transgressa.1_tyr1836
umbilicaria.iberica.2_tyr1863	umbilicaria.iberica.2_tyr1863
umbilicaria.iberica.2_tyr1863	umbilicaria.deusta.1_tyr311
umbilicaria.iberica.2_tyr1863	umbilicaria.crustulosa.2_tyr1385
cyanodermella.asteris.1_tyr1868	cyanodermella.asteris.1_tyr1868
cyanodermella.asteris.1_tyr1869	cyanodermella.asteris.1_tyr1869
cyanodermella.asteris.1_tyr1869	cyanodermella.asteris.1_tyr3466
parmelia.squarrosa.1_tyr1871	parmelia.squarrosa.1_tyr1871
parmelia.squarrosa.1_tyr1871	cetrelia.olivetorum.1_tyr1650
parmelia.squarrosa.1_tyr1871	melanohalea.halei.1_tyr1353
parmelia.squarrosa.1_tyr1871	hypotrachyna.osseoalba.1_tyr3563
endocarpon.pusillum.2_tyr1873	endocarpon.pusillum.2_tyr1873
endocarpon.pusillum.2_tyr1873	endocarpon.pusillum.2_tyr2649
endocarpon.pusillum.2_tyr1873	endocarpon.pusillum.2_tyr2708
endocarpon.pusillum.2_tyr1873	endocarpon.pusillum.2_tyr2775
endocarpon.pusillum.2_tyr1873	endocarpon.pusillum.2_tyr787
endocarpon.pusillum.2_tyr1873	umbilicaria.grisea.1_tyr3322
endocarpon.pusillum.2_tyr1873	endocarpon.pusillum.2_tyr3371
endocarpon.pusillum.2_tyr1874	endocarpon.pusillum.2_tyr1874
opegrapha.moroziana.1_tyr1878	opegrapha.moroziana.1_tyr1878
buellia.spuria.1_tyr1883	buellia.spuria.1_tyr1883
agyrium.rufum.1_tyr1892	agyrium.rufum.1_tyr1892
mycoblastus.sanguinarius.2_tyr1893	mycoblastus.sanguinarius.2_tyr1893
gyalolechia.sp..2_tyr1934	gyalolechia.sp..2_tyr1934
agyrium.rufum.1_tyr1948	agyrium.rufum.1_tyr1948
teloschistes.exilis.3_tyr1984	teloschistes.exilis.3_tyr1984
teloschistes.exilis.3_tyr1984	nadvornikia.sorediata.1_tyr2598
teloschistes.exilis.3_tyr1984	teloschistes.exilis.1_tyr3137
teloschistes.exilis.3_tyr1984	nadvornikia.sorediata.1_tyr3603
teloschistes.exilis.3_tyr1984	teloschistes.flavicans.2_tyr4102
punctelia.appalachensis.1_tyr2004	punctelia.appalachensis.1_tyr2004
punctelia.appalachensis.1_tyr2004	usnea.aurantiacoatra.1_tyr1115
lecanora.subimmergens.1_tyr2007	lecanora.subimmergens.1_tyr2007
lecanora.subimmergens.1_tyr2007	lecanoromycetes.sp..3_tyr325
lecanora.subimmergens.1_tyr2007	xanthoparmelia.plittii.1_tyr1653
lecanora.subimmergens.1_tyr2007	umbilicaria.iberica.1_tyr463
lecanora.subimmergens.1_tyr2007	lecanora.atra.1_tyr1602
lecanora.subimmergens.1_tyr2007	cladonia.sp..2_tyr2127
endocarpon.pusillum.1_tyr3654	endocarpon.pusillum.1_tyr3654
endocarpon.pusillum.1_tyr3655	endocarpon.pusillum.1_tyr3655
flavoplaca.limonia.1_tyr3663	flavoplaca.limonia.1_tyr3663
flavoplaca.limonia.1_tyr3663	xanthoria.sp..1_tyr3657
flavoplaca.limonia.1_tyr3663	pyrenodesmia.sp..1_tyr3753
flavoplaca.limonia.1_tyr3663	XcGTX0491_002172-T1
parmotrema.reticulatum.1_tyr3664	parmotrema.reticulatum.1_tyr3664
parmotrema.reticulatum.1_tyr3664	pseudevernia.furfuracea.1_tyr86
parmotrema.reticulatum.1_tyr3664	usnea.cavernosa.1_tyr220
parmotrema.reticulatum.1_tyr3664	melanelia.culbersonii.1_tyr2484
parmotrema.reticulatum.1_tyr3664	pseudevernia.furfuracea.1_tyr3917
parmotrema.reticulatum.1_tyr3664	parmeliaceae.sp..21_tyr682
parmotrema.reticulatum.1_tyr3664	melanelia.culbersonii.1_tyr3180
parmotrema.reticulatum.1_tyr3664	parmeliaceae.sp..7_tyr1084
parmotrema.reticulatum.1_tyr3664	cladonia.uncialis.4_tyr3273
parmotrema.reticulatum.1_tyr3664	cladonia.sp..3_tyr3586
parmotrema.reticulatum.1_tyr3664	parmotrema.mellissii.1_tyr4041
parmotrema.reticulatum.1_tyr3664	cladonia.coccifera.1_tyr4081
placynthium.petersii.1_tyr3666	placynthium.petersii.1_tyr3666
circinaria.calcarea.1_tyr3668	circinaria.calcarea.1_tyr3668
thelotrema.lepadinum.1_tyr3674	thelotrema.lepadinum.1_tyr3674
porpidia.macrocarpa.1_tyr3690	porpidia.macrocarpa.1_tyr3690
buellia.spuria.2_tyr3704	buellia.spuria.2_tyr3704
stictis.urceolata.2_tyr3715	stictis.urceolata.2_tyr3715
umbilicaria.freyi.1_tyr3723	umbilicaria.freyi.1_tyr3723
umbilicaria.freyi.1_tyr3723	melanina.sp..2_tyr361
umbilicaria.freyi.1_tyr3723	melanina.sp..2_tyr2558
dermiscellum.oulocheilum.1_tyr3730	dermiscellum.oulocheilum.1_tyr3730
brigantiaea.leucoxantha.1_tyr3736	brigantiaea.leucoxantha.1_tyr3736
brigantiaea.leucoxantha.1_tyr3736	gyalolechia.sp..1_tyr1287
brigantiaea.leucoxantha.1_tyr3736	flavoplaca.marina.2_tyr1166
brigantiaea.leucoxantha.1_tyr3736	brigantiaea.leucoxantha.1_tyr3404
acanthothecis.fontana.1_tyr3737	acanthothecis.fontana.1_tyr3737
acanthothecis.fontana.1_tyr3737	phyllopsora.parvifolia.1_tyr2002
coniocarpon.cinnabarinum.2_tyr3740	coniocarpon.cinnabarinum.2_tyr3740
puttea.exsequens.1_tyr3752	puttea.exsequens.1_tyr3752
pyrrhospora.varians.1_tyr3775	pyrrhospora.varians.1_tyr3775
cladophialophora.sp..2_tyr3780	cladophialophora.sp..2_tyr3780
cladophialophora.sp..2_tyr3780	dermiscellum.oulocheilum.1_tyr302
umbilicaria.polyphylla.3_tyr3786	umbilicaria.polyphylla.3_tyr3786
umbilicaria.polyphylla.4_tyr3789	umbilicaria.polyphylla.4_tyr3789
physciaceae.sp..4_tyr3794	physciaceae.sp..4_tyr3794
leprocaulon.nicholsiae.1_tyr3801	leprocaulon.nicholsiae.1_tyr3801
porpidia.subsimplex.1_tyr3802	porpidia.subsimplex.1_tyr3802
umbilicaria.phaea.1_tyr3806	umbilicaria.phaea.1_tyr3806
rusavskia.elegans.1_tyr3814	rusavskia.elegans.1_tyr3814
rusavskia.elegans.1_tyr3814	rinodina.dolichospora.1_tyr97
rusavskia.elegans.1_tyr3814	umbilicaria.spodochroa.4_tyr282
rusavskia.elegans.1_tyr3814	lecanorales.sp..5_tyr3653
rusavskia.elegans.1_tyr3814	stereocaulon.alpinum.1_tyr3793
rusavskia.elegans.1_tyr3814	umbilicaria.nylanderiana.1_tyr505
rusavskia.elegans.1_tyr3814	teloschistes.exilis.1_tyr2992
rusavskia.elegans.1_tyr3814	parmeliaceae.sp..19_tyr3079
rusavskia.elegans.1_tyr3814	buellia.mamillana.1_tyr876
rusavskia.elegans.1_tyr3814	bacidia.gigantensis.1_tyr1200
rusavskia.elegans.1_tyr3814	buellia.spuria.2_tyr3581
rusavskia.elegans.1_tyr3814	trapelia.coarctata.1_tyr3636
gomphillus.americanus.1_tyr3818	gomphillus.americanus.1_tyr3818
gomphillus.americanus.1_tyr3818	gomphillus.calycioides.1_tyr3074
usnea.hakonensis.1_tyr3823	usnea.hakonensis.1_tyr3823
usnea.hakonensis.1_tyr3823	letrouitia.transgressa.2_tyr37
usnea.hakonensis.1_tyr3823	pseudevernia.furfuracea.1_tyr3916
usnea.hakonensis.1_tyr3823	usnea.merrillii.1_tyr3933
usnea.hakonensis.1_tyr3823	porpidia.albocaerulescens.1_tyr665
usnea.hakonensis.1_tyr3823	pseudevernia.furfuracea.2_tyr1279
usnea.hakonensis.1_tyr3823	biatora.pontica.1_tyr1294
usnea.hakonensis.1_tyr3823	bryoria.fremontii.1_tyr2985
usnea.hakonensis.1_tyr3823	imshaugia.aleurites.1_tyr2162
umbilicaria.iberica.1_tyr3831	umbilicaria.iberica.1_tyr3831
umbilicaria.iberica.1_tyr3831	umbilicaria.muhlenbergii.1_tyr2677
umbilicaria.iberica.1_tyr3831	umbilicaria.iberica.3_tyr1737
umbilicaria.iberica.1_tyr3831	lasallia.pustulata.1_tyr3930
umbilicaria.iberica.1_tyr3831	umbilicaria.crustulosa.2_tyr1337
umbilicaria.iberica.1_tyr3831	umbilicaria.polyphylla.1_tyr3045
umbilicaria.iberica.1_tyr3831	umbilicaria.polyphylla.4_tyr3048
umbilicaria.iberica.1_tyr3831	umbilicaria.spodochroa.4_tyr4078
umbilicaria.iberica.1_tyr3831	lasallia.pustulata.4_tyr2308
chrysothrix.sp..1_tyr3844	chrysothrix.sp..1_tyr3844
porpidia.macrocarpa.1_tyr3848	porpidia.macrocarpa.1_tyr3848
gomphillus.calycioides.1_tyr3850	gomphillus.calycioides.1_tyr3850
gomphillus.calycioides.1_tyr3850	gomphillus.americanus.1_tyr3352
lambiella.insularis.1_tyr3854	lambiella.insularis.1_tyr3854
lepraria.sp..1_tyr3866	lepraria.sp..1_tyr3866
leucodecton.sp..1_tyr3879	leucodecton.sp..1_tyr3879
lecanoromycetes.sp..3_tyr3889	lecanoromycetes.sp..3_tyr3889
lasallia.papulosa.1_tyr3891	lasallia.papulosa.1_tyr3891
bulbothrix.scortella.1_tyr3897	bulbothrix.scortella.1_tyr3897
heterodermia.sp..1_tyr3905	heterodermia.sp..1_tyr3905
umbilicaria.spodochroa.3_tyr3907	umbilicaria.spodochroa.3_tyr3907
porpidia.subsimplex.1_tyr3915	porpidia.subsimplex.1_tyr3915
porpidia.subsimplex.1_tyr3915	sticta.canariensis.1_tyr180
gyalecta.farlowii.1_tyr3918	gyalecta.farlowii.1_tyr3918
gyalecta.farlowii.1_tyr3918	lignoscripta.atroalba.2_tyr2436
umbilicaria.nylanderiana.2_tyr3926	umbilicaria.nylanderiana.2_tyr3926
fuscopannaria.leucosticta.1_tyr3928	fuscopannaria.leucosticta.1_tyr3928
fuscopannaria.leucosticta.1_tyr3928	baeomycetales.sp..2_tyr3980
ramalina.siliquosa.1_tyr3935	ramalina.siliquosa.1_tyr3935
lecanorales.sp..6_tyr3950	lecanorales.sp..6_tyr3950
xylographa.parallela.1_tyr3961	xylographa.parallela.1_tyr3961
lasallia.pustulata.1_tyr3965	lasallia.pustulata.1_tyr3965
dirinaria.sp..2_tyr3979	dirinaria.sp..2_tyr3979
teloschistes.exilis.3_tyr394	teloschistes.exilis.3_tyr394
teloschistes.exilis.3_tyr394	xanthocarpia.ochracea.1_tyr156
teloschistes.exilis.3_tyr394	polycauliona.sp..2_tyr3658
teloschistes.exilis.3_tyr394	teloschistes.peruensis.1_tyr623
teloschistes.exilis.3_tyr394	kuettlingeria.erythrocarpa.1_tyr701
teloschistes.exilis.3_tyr394	squamulea.sp..1_tyr2986
teloschistes.exilis.3_tyr394	teloschistes.exilis.1_tyr919
teloschistes.exilis.3_tyr394	teloschistes.peruensis.1_tyr4017
teloschistes.exilis.3_tyr394	caloplaca.sp..2_tyr2406
cladophialophora.sp..2_tyr400	cladophialophora.sp..2_tyr400
cladophialophora.sp..2_tyr403	cladophialophora.sp..2_tyr403
lecanorales.sp..5_tyr406	lecanorales.sp..5_tyr406
lecanorales.sp..5_tyr406	phaeophyscia.squarrosa.1_tyr26
lecanorales.sp..5_tyr406	umbilicaria.deusta.2_tyr63
lecanorales.sp..5_tyr406	phaeophyscia.rubropulchra.1_tyr81
lecanorales.sp..5_tyr406	umbilicaria.deusta.1_tyr133
lecanorales.sp..5_tyr406	teloschistes.chrysophthalmus.2_tyr2575
lecanorales.sp..5_tyr406	massalongia.carnosa.1_tyr2748
lecanorales.sp..5_tyr406	gallowayella.fulva.1_tyr2765
lecanorales.sp..5_tyr406	phaeophyscia.squarrosa.1_tyr1631
lecanorales.sp..5_tyr406	lecanorales.sp..1_tyr1731
lecanorales.sp..5_tyr406	heterodermia.speciosa.2_tyr1797
lecanorales.sp..5_tyr406	massalongia.carnosa.1_tyr1843
lecanorales.sp..5_tyr406	lepraria.neglecta.1_tyr3770
lecanorales.sp..5_tyr406	leucodermia.leucomelos.1_tyr398
lecanorales.sp..5_tyr406	byssoloma.meadii.1_tyr551
lecanorales.sp..5_tyr406	porina.heterospora.1_tyr569
lecanorales.sp..5_tyr406	teloschistes.peruensis.1_tyr622
lecanorales.sp..5_tyr406	lambiella.insularis.1_tyr652
lecanorales.sp..5_tyr406	solorina.crocea.1_tyr1256
lecanorales.sp..5_tyr406	porpidia.crustulata.1_tyr1268
lecanorales.sp..5_tyr406	cladonia.robbinsii.1_tyr1298
lecanorales.sp..5_tyr406	massalongia.carnosa.1_tyr1395
lecanorales.sp..5_tyr406	gypsoplaca.macrophylla.1_tyr2878
lecanorales.sp..5_tyr406	massalongia.carnosa.1_tyr2919
lecanorales.sp..5_tyr406	cladonia.sp..7_tyr2921
lecanorales.sp..5_tyr406	cladonia.sp..7_tyr2922
lecanorales.sp..5_tyr406	lecanorales.sp..2_tyr2988
lecanorales.sp..5_tyr406	brianaria.bauschiana.1_tyr1134
lecanorales.sp..5_tyr406	pseudevernia.furfuracea.3_tyr1236
lecanorales.sp..5_tyr406	parmeliaceae.sp..14_tyr3289
lecanorales.sp..5_tyr406	varicellaria.rhodocarpa.1_tyr3309
lecanorales.sp..5_tyr406	cladonia.sp..6_tyr3316
lecanorales.sp..5_tyr406	teloschistales.sp..1_tyr3354
lecanorales.sp..5_tyr406	peltigera.phyllidiosa.1_tyr3502
lecanorales.sp..5_tyr406	lecanora.albella.1_tyr2031
lecanorales.sp..5_tyr406	peltigera.hydrothyria.1_tyr2255
lecanorales.sp..5_tyr406	lecanora.strobilina.1_tyr2362
porpidia.contraponenda.1_tyr415	porpidia.contraponenda.1_tyr415
solorina.crocea.1_tyr419	solorina.crocea.1_tyr419
baeomycetales.sp..2_tyr423	baeomycetales.sp..2_tyr423
xanthoparmelia.verrucella.1_tyr431	xanthoparmelia.verrucella.1_tyr431
xanthoparmelia.verrucella.1_tyr431	dendriscocaulon.intricatulum.1_tyr3949
xanthoparmelia.verrucella.1_tyr431	xanthoria.sp..2_tyr418
xanthoparmelia.verrucella.1_tyr431	heterodermia.sp..1_tyr3580
xanthoparmelia.verrucella.1_tyr431	dirinaria.sp..2_tyr2060
umbilicaria.phaea.2_tyr434	umbilicaria.phaea.2_tyr434
umbilicaria.crustulosa.1_tyr446	umbilicaria.crustulosa.1_tyr446
umbilicaria.deusta.1_tyr455	umbilicaria.deusta.1_tyr455
umbilicaria.freyi.3_tyr456	umbilicaria.freyi.3_tyr456
umbilicaria.freyi.3_tyr456	umbilicaria.spodochroa.3_tyr4111
lobaria.pulmonaria.1_tyr474	lobaria.pulmonaria.1_tyr474
pseudosagedia.isidiata.1_tyr477	pseudosagedia.isidiata.1_tyr477
lasallia.pustulata.7_tyr482	lasallia.pustulata.7_tyr482
flavoplaca.limonia.1_tyr495	flavoplaca.limonia.1_tyr495
phlyctis.speirea.1_tyr496	phlyctis.speirea.1_tyr496
acarospora.sp..1_tyr498	acarospora.sp..1_tyr498
dibaeis.sorediata.1_tyr503	dibaeis.sorediata.1_tyr503
usnea.hakonensis.1_tyr513	usnea.hakonensis.1_tyr513
usnea.hakonensis.1_tyr513	micareopsis.irriguata.1_tyr82
usnea.hakonensis.1_tyr513	umbilicaria.freyi.3_tyr3881
usnea.hakonensis.1_tyr513	phaeophyscia.rubropulchra.1_tyr537
usnea.hakonensis.1_tyr513	cladonia.sp..9_tyr1278
usnea.hakonensis.1_tyr513	lecidella.sp..1_tyr1433
usnea.hakonensis.1_tyr513	fulgogasparrea.decipioides.1_tyr2952
usnea.hakonensis.1_tyr513	opegrapha.moroziana.1_tyr3182
usnea.hakonensis.1_tyr513	flavocetraria.cucullata.1_tyr3192
usnea.hakonensis.1_tyr513	usnea.merrillii.1_tyr1195
usnea.hakonensis.1_tyr513	pseudevernia.furfuracea.4_tyr3413
usnea.hakonensis.1_tyr513	letrouitia.subvulpina.1_tyr3600
usnea.hakonensis.1_tyr513	xanthoria.aureola.1_tyr4090
usnea.hakonensis.1_tyr513	solorina.crocea.1_tyr4188
usnea.hakonensis.1_tyr513	bacidia.rubella.1_tyr2101
usnea.hakonensis.1_tyr513	usnea.hakonensis.1_tyr2187
usnea.hakonensis.1_tyr513	umbilicaria.crustulosa.2_tyr2371
lasallia.pustulata.1_tyr527	lasallia.pustulata.1_tyr527
lasallia.pustulata.1_tyr527	xylographa.parallela.1_tyr39
lasallia.pustulata.1_tyr527	umbilicaria.crustulosa.1_tyr205
lasallia.pustulata.1_tyr527	umbilicaria.hispanica.2_tyr339
lasallia.pustulata.1_tyr527	lasallia.pustulata.2_tyr2793
lasallia.pustulata.1_tyr527	umbilicaria.hispanica.4_tyr3745
lasallia.pustulata.1_tyr527	lasallia.pustulata.3_tyr488
lasallia.pustulata.1_tyr527	gyalolechia.ehrenbergii.1_tyr635
lasallia.pustulata.1_tyr527	umbilicaria.deusta.2_tyr764
lasallia.pustulata.1_tyr527	lasallia.pustulata.6_tyr2949
lasallia.pustulata.1_tyr527	stereocaulon.virgatum.1_tyr3063
lecanorales.sp..2_tyr529	lecanorales.sp..2_tyr529
lecanorales.sp..2_tyr530	lecanorales.sp..2_tyr530
nadvornikia.sorediata.1_tyr544	nadvornikia.sorediata.1_tyr544
nadvornikia.sorediata.1_tyr544	thelotrema.subtile.1_tyr73
nadvornikia.sorediata.1_tyr544	thelotrema.lepadinum.2_tyr2840
acarospora.sp..1_tyr552	acarospora.sp..1_tyr552
pertusariales.sp..1_tyr553	pertusariales.sp..1_tyr553
pertusariales.sp..1_tyr553	lepra.amara.1_tyr499
dibaeis.baeomyces.1_tyr557	dibaeis.baeomyces.1_tyr557
collema.furfuraceum.1_tyr571	collema.furfuraceum.1_tyr571
heterodermia.obscurata.1_tyr574	heterodermia.obscurata.1_tyr574
heterodermia.obscurata.1_tyr574	heterodermia.speciosa.2_tyr2837
heterodermia.obscurata.1_tyr574	heterodermia.obscurata.1_tyr1364
porpidia.macrocarpa.1_tyr578	porpidia.macrocarpa.1_tyr578
porpidia.macrocarpa.1_tyr578	umbilicaria.crustulosa.2_tyr1382
melanina.sp..1_tyr579	melanina.sp..1_tyr579
melanina.sp..1_tyr579	cladophialophora.sp..2_tyr3779
melanina.sp..1_tyr579	chaetothyriales.sp..1_tyr3637
arthoniomycete.sp..1_tyr581	arthoniomycete.sp..1_tyr581
peltigera.hydrothyria.1_tyr591	peltigera.hydrothyria.1_tyr591
umbilicaria.spodochroa.1_tyr602	umbilicaria.spodochroa.1_tyr602
zwackhia.viridis.1_tyr611	zwackhia.viridis.1_tyr611
arthonia.susa.1_tyr612	arthonia.susa.1_tyr612
arthonia.susa.1_tyr612	opegrapha.moroziana.1_tyr668
icmadophila.ericetorum.1_tyr613	icmadophila.ericetorum.1_tyr613
icmadophila.ericetorum.1_tyr613	lepra.amara.1_tyr1513
umbilicaria.mammulata.1_tyr624	umbilicaria.mammulata.1_tyr624
umbilicaria.mammulata.1_tyr624	lecanora.helva.1_tyr2796
umbilicaria.mammulata.1_tyr624	caloplaca.aetnensis.1_tyr716
umbilicaria.mammulata.1_tyr624	phyllopsora.parvifolia.1_tyr1413
umbilicaria.mammulata.1_tyr624	melanelia.culbersonii.1_tyr3224
umbilicaria.mammulata.1_tyr624	psora.testacea.1_tyr1198
umbilicaria.crustulosa.2_tyr632	umbilicaria.crustulosa.2_tyr632
xanthoria.sp..2_tyr633	xanthoria.sp..2_tyr633
xanthoria.sp..2_tyr633	xanthoria.mediterranea.1_tyr2790
xanthoria.sp..2_tyr633	calogaya.arnoldii.1_tyr1881
xanthoria.sp..2_tyr633	caloplaca.aetnensis.1_tyr1915
xanthoria.sp..2_tyr633	teloschistes.exilis.3_tyr4193
xanthoria.sp..2_tyr633	scaffold_008752-T1
fuscopannaria.leucosticta.1_tyr648	fuscopannaria.leucosticta.1_tyr648
hypogymnia.physodes.1_tyr649	hypogymnia.physodes.1_tyr649
letrouitia.transgressa.2_tyr670	letrouitia.transgressa.2_tyr670
phlyctis.petraea.1_tyr677	phlyctis.petraea.1_tyr677
hypocenomyce.scalaris.3_tyr680	hypocenomyce.scalaris.3_tyr680
lecidea.sp..1_tyr684	lecidea.sp..1_tyr684
stictis.urceolata.1_tyr685	stictis.urceolata.1_tyr685
kuettlingeria.erythrocarpa.1_tyr700	kuettlingeria.erythrocarpa.1_tyr700
pseudosagedia.isidiata.1_tyr707	pseudosagedia.isidiata.1_tyr707
arthonia.rubella.1_tyr714	arthonia.rubella.1_tyr714
micareopsis.irriguata.1_tyr744	micareopsis.irriguata.1_tyr744
endocarpon.pusillum.1_tyr746	endocarpon.pusillum.1_tyr746
endocarpon.pusillum.1_tyr746	endocarpon.pusillum.2_tyr309
endocarpon.pusillum.1_tyr746	umbilicaria.crustulosa.1_tyr1022
cladonia.peziziformis.1_tyr751	cladonia.peziziformis.1_tyr751
umbilicaria.iberica.1_tyr757	umbilicaria.iberica.1_tyr757
mycosphaerellales.sp..2_tyr758	mycosphaerellales.sp..2_tyr758
umbilicaria.deusta.2_tyr762	umbilicaria.deusta.2_tyr762
heterodermia.langdoniana.1_tyr1257	heterodermia.langdoniana.1_tyr1257
heterodermia.langdoniana.1_tyr1258	heterodermia.langdoniana.1_tyr1258
heterodermia.obscurata.1_tyr1259	heterodermia.obscurata.1_tyr1259
chaetothyriales.sp..1_tyr1264	chaetothyriales.sp..1_tyr1264
evernia.prunastri.2_tyr1283	evernia.prunastri.2_tyr1283
evernia.prunastri.2_tyr1283	parmeliaceae.sp..22_tyr2624
evernia.prunastri.2_tyr1283	bryoria.tenuis.1_tyr1811
evernia.prunastri.2_tyr1283	evernia.prunastri.1_tyr3609
pertusaria.plittiana.1_tyr1285	pertusaria.plittiana.1_tyr1285
lecanorales.sp..6_tyr1295	lecanorales.sp..6_tyr1295
lecanorales.sp..6_tyr1295	phlyctis.petraea.1_tyr16
lecanorales.sp..6_tyr1295	dibaeis.sorediata.1_tyr2623
lecanorales.sp..6_tyr1295	byssoloma.meadii.1_tyr1250
lecanorales.sp..6_tyr1295	teloschistes.exilis.2_tyr1555
lecanorales.sp..6_tyr1295	dibaeis.baeomyces.1_tyr3092
lecanorales.sp..6_tyr1295	umbilicaria.spodochroa.4_tyr3267
lecanorales.sp..6_tyr1295	teloschistes.peruensis.1_tyr3348
lecanorales.sp..6_tyr1295	teloschistes.hypoglaucus.1_tyr3519
lecanorales.sp..6_tyr1295	ionaspis.lacustris.1_tyr4127
cladonia.uncialis.1_tyr1299	cladonia.uncialis.1_tyr1299
cladonia.uncialis.1_tyr1299	cladonia.rangiferina.3_tyr774
trapelia.coarctata.1_tyr1301	trapelia.coarctata.1_tyr1301
pseudosagedia.sp..1_tyr1320	pseudosagedia.sp..1_tyr1320
muellerella.sp..1_tyr1324	muellerella.sp..1_tyr1324
muellerella.sp..1_tyr1325	muellerella.sp..1_tyr1325
muellerella.sp..1_tyr1325	chaetothyriales.sp..1_tyr955
umbilicaria.crustulosa.2_tyr1336	umbilicaria.crustulosa.2_tyr1336
buellia.spuria.2_tyr1348	buellia.spuria.2_tyr1348
buellia.spuria.2_tyr1348	acarospora.sp..1_tyr373
leucodermia.leucomelos.1_tyr1351	leucodermia.leucomelos.1_tyr1351
melanohalea.halei.1_tyr1352	melanohalea.halei.1_tyr1352
diploschistes.diacapsis.1_tyr1354	diploschistes.diacapsis.1_tyr1354
botryolepraria.lesdainii.1_tyr1357	botryolepraria.lesdainii.1_tyr1357
botryolepraria.lesdainii.1_tyr1357	lambiella.insularis.1_tyr2292
psora.testacea.1_tyr1362	psora.testacea.1_tyr1362
psora.testacea.1_tyr1362	baeomycetales.sp..4_tyr2003
psora.testacea.1_tyr1362	xanthoria.sp..2_tyr2313
ptychographa.xylographoides.1_tyr1363	ptychographa.xylographoides.1_tyr1363
umbilicaria.crustulosa.2_tyr1381	umbilicaria.crustulosa.2_tyr1381
umbilicaria.crustulosa.2_tyr1381	umbilicaria.iberica.2_tyr2670
umbilicaria.crustulosa.2_tyr1381	umbilicaria.polyphylla.4_tyr1695
umbilicaria.crustulosa.2_tyr1381	umbilicaria.iberica.1_tyr3829
umbilicaria.crustulosa.2_tyr1381	cladonia.ochrochlora.1_tyr483
umbilicaria.crustulosa.2_tyr1381	pseudephebe.minuscula.1_tyr3983
umbilicaria.crustulosa.2_tyr1381	umbilicaria.subpolyphylla.1_tyr3994
umbilicaria.crustulosa.2_tyr1387	umbilicaria.crustulosa.2_tyr1387
umbilicaria.crustulosa.2_tyr1387	umbilicaria.hispanica.4_tyr3652
umbilicaria.crustulosa.2_tyr1387	umbilicaria.crustulosa.1_tyr1415
calogaya.arnoldii.2_tyr1401	calogaya.arnoldii.2_tyr1401
stictis.urceolata.1_tyr1403	stictis.urceolata.1_tyr1403
stictis.urceolata.1_tyr1403	thelotrema.lepadinum.1_tyr2650
umbilicaria.vellea.1_tyr1419	umbilicaria.vellea.1_tyr1419
placynthium.petersii.1_tyr1421	placynthium.petersii.1_tyr1421
stictis.urceolata.2_tyr1426	stictis.urceolata.2_tyr1426
stictis.urceolata.2_tyr1426	stictis.urceolata.1_tyr1760
teloschistes.exilis.3_tyr1430	teloschistes.exilis.3_tyr1430
stictis.urceolata.1_tyr1442	stictis.urceolata.1_tyr1442
trapelia.coarctata.2_tyr1443	trapelia.coarctata.2_tyr1443
trapelia.coarctata.2_tyr1443	niebla.homalea.1_tyr2552
trapelia.coarctata.2_tyr1443	psora.crenata.1_tyr1714
trapelia.coarctata.2_tyr1443	parmeliaceae.sp..15_tyr1785
trapelia.coarctata.2_tyr1443	phlyctis.petraea.1_tyr2956
trapelia.coarctata.2_tyr1443	umbilicaria.mammulata.1_tyr3067
trapelia.coarctata.2_tyr1443	nadvornikia.sorediata.1_tyr881
trapelia.coarctata.2_tyr1443	umbilicaria.spodochroa.4_tyr1177
trapelia.coarctata.2_tyr1443	baeomycetales.sp..4_tyr2128
trapelia.coarctata.2_tyr1443	stereocaulon.dactylophyllum.1_tyr2235
acanthothecis.fontana.1_tyr1446	acanthothecis.fontana.1_tyr1446
sticta.canariensis.1_tyr1454	sticta.canariensis.1_tyr1454
flavoplaca.marina.2_tyr1457	flavoplaca.marina.2_tyr1457
fissurina.insidiosa.1_tyr1461	fissurina.insidiosa.1_tyr1461
bulbothrix.scortella.1_tyr1496	bulbothrix.scortella.1_tyr1496
bulbothrix.scortella.1_tyr1496	lepra.amara.1_tyr3243
ptychographa.xylographoides.2_tyr1503	ptychographa.xylographoides.2_tyr1503
heterodermia.sp..3_tyr1517	heterodermia.sp..3_tyr1517
phlyctis.petraea.1_tyr1522	phlyctis.petraea.1_tyr1522
vulpicida.juniperinus.1_tyr1524	vulpicida.juniperinus.1_tyr1524
vulpicida.juniperinus.1_tyr1524	platismatia.glauca.3_tyr3970
vulpicida.juniperinus.1_tyr1524	parmeliaceae.sp..22_tyr3606
variospora.velana.1_tyr1530	variospora.velana.1_tyr1530
variospora.velana.1_tyr1530	acarospora.sp..1_tyr189
lecanorales.sp..6_tyr1531	lecanorales.sp..6_tyr1531
pleopsidium.flavum.1_tyr1541	pleopsidium.flavum.1_tyr1541
pleopsidium.flavum.1_tyr1541	umbilicaria.crustulosa.2_tyr1383
acarospora.strigata.1_tyr1553	acarospora.strigata.1_tyr1553
teratosphaeriaceae.sp..1_tyr1571	teratosphaeriaceae.sp..1_tyr1571
lasallia.pustulata.7_tyr1579	lasallia.pustulata.7_tyr1579
coniocarpon.cinnabarinum.2_tyr1581	coniocarpon.cinnabarinum.2_tyr1581
cladonia.diversa.2_tyr1587	cladonia.diversa.2_tyr1587
cladonia.diversa.2_tyr1587	cladonia.robbinsii.1_tyr1649
cladonia.diversa.2_tyr1587	cladonia.portentosa.1_tyr1897
melanelia.culbersonii.1_tyr1605	melanelia.culbersonii.1_tyr1605
parmotrema.hypotropum.1_tyr1608	parmotrema.hypotropum.1_tyr1608
xanthoparmelia.verrucella.1_tyr2858	xanthoparmelia.verrucella.1_tyr2858
pleopsidium.flavum.1_tyr2871	pleopsidium.flavum.1_tyr2871
pleopsidium.flavum.1_tyr2871	porpidia.macrocarpa.1_tyr2736
pleopsidium.flavum.1_tyr2871	buellia.spuria.2_tyr1302
pleopsidium.flavum.1_tyr2871	micareopsis.irriguata.1_tyr2991
pleopsidium.flavum.1_tyr2871	lecidea.sp..1_tyr1182
pleopsidium.flavum.1_tyr2871	acarospora.socialis.1_tyr2417
gomphillus.calycioides.1_tyr2877	gomphillus.calycioides.1_tyr2877
gomphillus.calycioides.1_tyr2877	gomphillus.calycioides.1_tyr2862
umbilicaria.polyphylla.2_tyr2880	umbilicaria.polyphylla.2_tyr2880
sticta.sp..1_tyr2883	sticta.sp..1_tyr2883
usnochroma.carphineum.1_tyr2888	usnochroma.carphineum.1_tyr2888
solorina.crocea.1_tyr2911	solorina.crocea.1_tyr2911
solorina.crocea.1_tyr2911	nephroma.helveticum.1_tyr2338
parmeliaceae.sp..1_tyr2917	parmeliaceae.sp..1_tyr2917
parmeliaceae.sp..1_tyr2917	pseudevernia.furfuracea.3_tyr1485
zwackhia.viridis.1_tyr2925	zwackhia.viridis.1_tyr2925
umbilicaria.freyi.3_tyr2930	umbilicaria.freyi.3_tyr2930
leprocaulales.sp..1_tyr2957	leprocaulales.sp..1_tyr2957
phaeophyscia.hispidula.1_tyr2960	phaeophyscia.hispidula.1_tyr2960
phaeophyscia.hispidula.1_tyr2960	leucodermia.leucomelos.1_tyr3860
pseudephebe.minuscula.1_tyr2975	pseudephebe.minuscula.1_tyr2975
icmadophila.ericetorum.1_tyr2978	icmadophila.ericetorum.1_tyr2978
icmadophila.ericetorum.1_tyr2978	trapelia.coarctata.1_tyr3411
lobaria.immixta.1_tyr2979	lobaria.immixta.1_tyr2979
fissurina.insidiosa.1_tyr3001	fissurina.insidiosa.1_tyr3001
pseudosagedia.sp..1_tyr3004	pseudosagedia.sp..1_tyr3004
pseudosagedia.sp..1_tyr3004	nadvornikia.sorediata.1_tyr3379
rhizocarpon.geographicum.1_tyr3008	rhizocarpon.geographicum.1_tyr3008
trapelia.coarctata.1_tyr3016	trapelia.coarctata.1_tyr3016
arthonia.radiata.1_tyr3040	arthonia.radiata.1_tyr3040
umbilicaria.muhlenbergii.1_tyr3052	umbilicaria.muhlenbergii.1_tyr3052
punctelia.appalachensis.1_tyr3058	punctelia.appalachensis.1_tyr3058
leprocaulon.nicholsiae.1_tyr3065	leprocaulon.nicholsiae.1_tyr3065
teloschistes.exilis.3_tyr3078	teloschistes.exilis.3_tyr3078
lecanorales.sp..5_tyr3080	lecanorales.sp..5_tyr3080
lecanora.masana.1_tyr3081	lecanora.masana.1_tyr3081
flavoparmelia.baltimorensis.1_tyr3090	flavoparmelia.baltimorensis.1_tyr3090
flavoparmelia.baltimorensis.1_tyr3090	lepraria.finkii.1_tyr295
flavoparmelia.baltimorensis.1_tyr3090	stereocaulon.alpinum.1_tyr1945
flavoparmelia.baltimorensis.1_tyr3090	pseudevernia.consocians.1_tyr1255
flavoparmelia.baltimorensis.1_tyr3090	bulbothrix.scortella.1_tyr1497
flavoparmelia.baltimorensis.1_tyr3090	cornicularia.normoerica.2_tyr2887
flavoparmelia.baltimorensis.1_tyr3090	stereocaulon.dactylophyllum.1_tyr921
flavoparmelia.baltimorensis.1_tyr3090	acarospora.strigata.2_tyr2042
teloschistes.exilis.1_tyr3101	teloschistes.exilis.1_tyr3101
teloschistes.exilis.1_tyr3101	teloschistes.peruensis.1_tyr2728
teloschistes.exilis.1_tyr3101	teloschistes.chrysophthalmus.1_tyr1428
teloschistes.exilis.1_tyr3101	teloschistes.peruensis.1_tyr1536
teloschistes.exilis.1_tyr3101	gyalolechia.marmorata.1_tyr3049
teloschistes.exilis.1_tyr3101	gomphillus.americanus.2_tyr1205
teloschistes.exilis.1_tyr3101	gyalolechia.marmorata.1_tyr2081
lecanora.oreinoides.1_tyr3125	lecanora.oreinoides.1_tyr3125
acarospora.socialis.1_tyr3129	acarospora.socialis.1_tyr3129
acarospora.socialis.1_tyr3130	acarospora.socialis.1_tyr3130
exophiala.sp..1_tyr3133	exophiala.sp..1_tyr3133
botryolepraria.lesdainii.1_tyr3146	botryolepraria.lesdainii.1_tyr3146
cladophialophora.sp..1_tyr3153	cladophialophora.sp..1_tyr3153
gyalolechia.gomerana.1_tyr3154	gyalolechia.gomerana.1_tyr3154
gyalolechia.gomerana.1_tyr3154	umbilicaria.hispanica.2_tyr3324
leprocaulon.nicholsiae.1_tyr3158	leprocaulon.nicholsiae.1_tyr3158
icmadophila.ericetorum.1_tyr3161	icmadophila.ericetorum.1_tyr3161
melanina.sp..2_tyr3167	melanina.sp..2_tyr3167
phlyctis.petraea.1_tyr3168	phlyctis.petraea.1_tyr3168
phlyctis.petraea.1_tyr3168	buellia.spuria.2_tyr51
phlyctis.petraea.1_tyr3168	lepraria.finkii.1_tyr572
phlyctis.petraea.1_tyr3168	fuscopannaria.leucosticta.1_tyr966
varicellaria.rhodocarpa.1_tyr3174	varicellaria.rhodocarpa.1_tyr3174
lecanora.subimmergens.1_tyr3208	lecanora.subimmergens.1_tyr3208
lecanora.subimmergens.1_tyr3208	lecanora.markjohnstonii.1_tyr3716
squamulea.squamosa.1_tyr3214	squamulea.squamosa.1_tyr3214
squamulea.squamosa.1_tyr3214	gyalolechia.ehrenbergii.1_tyr3397
squamulea.squamosa.1_tyr3214	scaffold_007362-T1
phlyctis.petraea.1_tyr3242	phlyctis.petraea.1_tyr3242
phlyctis.petraea.1_tyr3242	pertusaria.plittiana.1_tyr3953
umbilicaria.polyphylla.3_tyr780	umbilicaria.polyphylla.3_tyr780
solorina.crocea.1_tyr791	solorina.crocea.1_tyr791
mycoblastus.sanguinarius.1_tyr806	mycoblastus.sanguinarius.1_tyr806
umbilicaria.spodochroa.1_tyr827	umbilicaria.spodochroa.1_tyr827
umbilicaria.spodochroa.1_tyr827	umbilicaria.spodochroa.4_tyr283
umbilicaria.spodochroa.1_tyr827	umbilicaria.polyphylla.1_tyr2679
umbilicaria.spodochroa.1_tyr827	umbilicaria.spodochroa.2_tyr2688
umbilicaria.spodochroa.1_tyr827	lasallia.pustulata.2_tyr1747
umbilicaria.spodochroa.1_tyr827	umbilicaria.iberica.3_tyr466
umbilicaria.spodochroa.1_tyr827	umbilicaria.subpolyphylla.1_tyr3996
variospora.aurantia.1_tyr837	variospora.aurantia.1_tyr837
arthonia.rubella.1_tyr891	arthonia.rubella.1_tyr891
melanelia.culbersonii.1_tyr901	melanelia.culbersonii.1_tyr901
melanelia.culbersonii.1_tyr901	cladonia.uncialis.1_tyr3676
melanelia.culbersonii.1_tyr901	stereocaulon.dactylophyllum.1_tyr3962
melanelia.culbersonii.1_tyr901	physciaceae.sp..4_tyr1550
melanelia.culbersonii.1_tyr901	usnochroma.carphineum.1_tyr2193
teratosphaeriaceae.sp..1_tyr929	teratosphaeriaceae.sp..1_tyr929
teratosphaeriaceae.sp..1_tyr929	teratosphaeriaceae.sp..1_tyr3627
dendriscocaulon.intricatulum.1_tyr934	dendriscocaulon.intricatulum.1_tyr934
chaetothyriales.sp..1_tyr954	chaetothyriales.sp..1_tyr954
puttea.exsequens.2_tyr972	puttea.exsequens.2_tyr972
puttea.exsequens.2_tyr973	puttea.exsequens.2_tyr973
coniocarpon.cinnabarinum.1_tyr976	coniocarpon.cinnabarinum.1_tyr976
lecanoromycetes.sp..3_tyr978	lecanoromycetes.sp..3_tyr978
buellia.spuria.2_tyr979	buellia.spuria.2_tyr979
lecanora.rugosella.1_tyr990	lecanora.rugosella.1_tyr990
lecanora.rugosella.1_tyr990	lecanora.hybocarpa.1_tyr563
lecanora.rugosella.1_tyr990	lecanora.helva.1_tyr4117
cladophialophora.sp..1_tyr1003	cladophialophora.sp..1_tyr1003
cladophialophora.sp..1_tyr1004	cladophialophora.sp..1_tyr1004
leucodecton.sp..1_tyr1006	leucodecton.sp..1_tyr1006
aspicilia.laevata.1_tyr1038	aspicilia.laevata.1_tyr1038
micareopsis.irriguata.1_tyr1039	micareopsis.irriguata.1_tyr1039
usnea.hakonensis.1_tyr1050	usnea.hakonensis.1_tyr1050
usnea.hakonensis.1_tyr1050	pseudevernia.consocians.1_tyr3771
usnea.hakonensis.1_tyr1050	platismatia.glauca.3_tyr1502
usnea.hakonensis.1_tyr1050	bulbothrix.scortella.1_tyr1565
usnea.hakonensis.1_tyr1050	pseudevernia.consocians.1_tyr2995
usnea.hakonensis.1_tyr1050	evernia.prunastri.1_tyr3163
diploschistes.diacapsis.1_tyr1051	diploschistes.diacapsis.1_tyr1051
cladonia.kurokawae.1_tyr1067	cladonia.kurokawae.1_tyr1067
cladonia.furcata.1_tyr1068	cladonia.furcata.1_tyr1068
cladonia.furcata.1_tyr1068	cladonia.sp..6_tyr2493
coniocarpon.cinnabarinum.1_tyr1072	coniocarpon.cinnabarinum.1_tyr1072
endocarpon.pusillum.3_tyr1094	endocarpon.pusillum.3_tyr1094
umbilicaria.crustulosa.1_tyr1108	umbilicaria.crustulosa.1_tyr1108
umbilicaria.crustulosa.1_tyr1108	lepraria.oxybapha.1_tyr2815
umbilicaria.crustulosa.3_tyr1110	umbilicaria.crustulosa.3_tyr1110
cladonia.diversa.2_tyr1126	cladonia.diversa.2_tyr1126
cladonia.diversa.2_tyr1126	xanthomendoza.sp..2_tyr366
cladonia.diversa.2_tyr1126	cladonia.sp..3_tyr2825
cladonia.diversa.2_tyr1126	flavoplaca.marina.2_tyr1711
cladonia.diversa.2_tyr1126	teloschistes.chrysophthalmus.2_tyr3936
cladonia.diversa.2_tyr1126	cladonia.diversa.2_tyr3489
cladonia.diversa.2_tyr1126	cladonia.sp..3_tyr4170
cladonia.diversa.2_tyr1126	XpGTX0501_010572-T1
cladonia.diversa.2_tyr1126	cladonia.squamosa.1_tyr2236
cladonia.diversa.2_tyr1126	xanthoria.sp..1_tyr2319
cladonia.diversa.2_tyr1126	lecanorales.sp..1_tyr2329
cladonia.diversa.2_tyr1126	lepraria.neglecta.1_tyr2382
xanthoria.mediterranea.1_tyr1163	xanthoria.mediterranea.1_tyr1163
umbilicaria.iberica.1_tyr1168	umbilicaria.iberica.1_tyr1168
umbilicaria.spodochroa.3_tyr1176	umbilicaria.spodochroa.3_tyr1176
umbilicaria.spodochroa.3_tyr1176	solorina.crocea.1_tyr2868
umbilicaria.spodochroa.3_tyr1176	lepraria.finkii.1_tyr2291
alectoria.sarmentosa.3_tyr1179	alectoria.sarmentosa.3_tyr1179
alectoria.sarmentosa.3_tyr1179	parmotrema.rampoddense.1_tyr152
alectoria.sarmentosa.3_tyr1179	ochrolechia.trochophora.1_tyr195
alectoria.sarmentosa.3_tyr1179	stereocaulon.alpinum.1_tyr237
alectoria.sarmentosa.3_tyr1179	massalongia.carnosa.1_tyr387
alectoria.sarmentosa.3_tyr1179	acanthothecis.fontana.1_tyr2489
alectoria.sarmentosa.3_tyr1179	gyalolechia.sp..1_tyr2596
alectoria.sarmentosa.3_tyr1179	circinaria.calcarea.1_tyr1727
alectoria.sarmentosa.3_tyr1179	platismatia.glauca.1_tyr1872
alectoria.sarmentosa.3_tyr1179	phyllopsora.parvifolia.1_tyr3702
alectoria.sarmentosa.3_tyr1179	phlyctis.speirea.1_tyr538
alectoria.sarmentosa.3_tyr1179	lecanorales.sp..5_tyr1365
alectoria.sarmentosa.3_tyr1179	phlyctis.petraea.1_tyr1557
alectoria.sarmentosa.3_tyr1179	porpidia.crustulata.1_tyr3202
alectoria.sarmentosa.3_tyr1179	bryoria.fremontii.1_tyr1056
alectoria.sarmentosa.3_tyr1179	stereocaulon.virgatum.1_tyr3365
alectoria.sarmentosa.3_tyr1179	pectenia.plumbea.1_tyr3607
alectoria.sarmentosa.3_tyr1179	lecanora.strobilina.1_tyr4016
alectoria.sarmentosa.3_tyr1179	platismatia.glauca.3_tyr2149
alectoria.sarmentosa.3_tyr1179	cladonia.peziziformis.1_tyr2189
alectoria.sarmentosa.3_tyr1179	crespoa.crozalsiana.1_tyr2396
baeomycetales.sp..4_tyr1180	baeomycetales.sp..4_tyr1180
ramalina.siliquosa.1_tyr1191	ramalina.siliquosa.1_tyr1191
gomphillus.americanus.2_tyr1204	gomphillus.americanus.2_tyr1204
pertusaria.plittiana.1_tyr1206	pertusaria.plittiana.1_tyr1206
umbilicaria.crustulosa.2_tyr1221	umbilicaria.crustulosa.2_tyr1221
pseudevernia.furfuracea.3_tyr1235	pseudevernia.furfuracea.3_tyr1235
baeomycetales.sp..4_tyr1237	baeomycetales.sp..4_tyr1237
gyalolechia.marmorata.1_tyr1245	gyalolechia.marmorata.1_tyr1245
gyalolechia.marmorata.1_tyr1245	xanthoria.sp..1_tyr3059
pertusaria.obruta.1_tyr1248	pertusaria.obruta.1_tyr1248
umbilicaria.spodochroa.4_tyr3266	umbilicaria.spodochroa.4_tyr3266
umbilicaria.spodochroa.4_tyr3266	lasallia.pustulata.2_tyr2792
umbilicaria.spodochroa.4_tyr3266	umbilicaria.crustulosa.1_tyr1089
umbilicaria.spodochroa.4_tyr3266	umbilicaria.freyi.2_tyr4106
rhizocarpon.subgeminatum.1_tyr3275	rhizocarpon.subgeminatum.1_tyr3275
rhizocarpon.subgeminatum.1_tyr3275	dimelaena.oreina.1_tyr2942
icmadophila.ericetorum.1_tyr3276	icmadophila.ericetorum.1_tyr3276
buellia.spuria.2_tyr3283	buellia.spuria.2_tyr3283
massalongia.carnosa.1_tyr3311	massalongia.carnosa.1_tyr3311
porpidia.albocaerulescens.1_tyr3320	porpidia.albocaerulescens.1_tyr3320
teloschistes.peruensis.1_tyr3340	teloschistes.peruensis.1_tyr3340
ramalina.petrina.1_tyr3342	ramalina.petrina.1_tyr3342
phaeophyscia.squarrosa.1_tyr3355	phaeophyscia.squarrosa.1_tyr3355
phaeophyscia.hispidula.1_tyr3356	phaeophyscia.hispidula.1_tyr3356
phaeophyscia.hispidula.1_tyr3356	phaeophyscia.rubropulchra.1_tyr1929
aspicilia.laevata.1_tyr3361	aspicilia.laevata.1_tyr3361
heterodermia.speciosa.2_tyr3362	heterodermia.speciosa.2_tyr3362
xanthoparmelia.taractica.1_tyr3364	xanthoparmelia.taractica.1_tyr3364
xanthoparmelia.taractica.1_tyr3364	xanthoparmelia.tasmanica.1_tyr326
xanthoparmelia.taractica.1_tyr3364	cornicularia.normoerica.2_tyr3836
xanthoparmelia.taractica.1_tyr3364	platismatia.glauca.2_tyr3892
xanthoparmelia.taractica.1_tyr3364	hypotrachyna.catawbiensis.1_tyr3019
xanthoparmelia.taractica.1_tyr3364	xanthoparmelia.verrucella.1_tyr798
xanthoparmelia.taractica.1_tyr3364	parmeliaceae.sp..20_tyr1062
xanthoparmelia.taractica.1_tyr3364	pseudevernia.cladonia.1_tyr3410
xanthoparmelia.taractica.1_tyr3364	cornicularia.normoerica.1_tyr3481
xanthoparmelia.taractica.1_tyr3364	lecanora.helva.1_tyr2151
endocarpon.pusillum.2_tyr3372	endocarpon.pusillum.2_tyr3372
biatora.appalachensis.1_tyr3378	biatora.appalachensis.1_tyr3378
nadvornikia.sorediata.1_tyr3380	nadvornikia.sorediata.1_tyr3380
ramalina.farinacea.1_tyr3393	ramalina.farinacea.1_tyr3393
rhizocarpon.subgeminatum.1_tyr3407	rhizocarpon.subgeminatum.1_tyr3407
pertusaria.plittiana.1_tyr3414	pertusaria.plittiana.1_tyr3414
ramalina.siliquosa.1_tyr3421	ramalina.siliquosa.1_tyr3421
usnea.florida.1_tyr3426	usnea.florida.1_tyr3426
pertusaria.ostiolata.1_tyr3427	pertusaria.ostiolata.1_tyr3427
peltigera.hydrothyria.1_tyr3437	peltigera.hydrothyria.1_tyr3437
melanohalea.halei.1_tyr3440	melanohalea.halei.1_tyr3440
usnea.ceratina.1_tyr3457	usnea.ceratina.1_tyr3457
sticta.canariensis.1_tyr3468	sticta.canariensis.1_tyr3468
sticta.canariensis.1_tyr3468	icmadophila.ericetorum.1_tyr33
sticta.canariensis.1_tyr3468	icmadophila.ericetorum.2_tyr2976
solorina.crocea.1_tyr3472	solorina.crocea.1_tyr3472
solorina.crocea.1_tyr3472	peltigera.hydrothyria.1_tyr298
solorina.crocea.1_tyr3472	umbilicaria.polyphylla.3_tyr779
lecanora.subimmergens.1_tyr3478	lecanora.subimmergens.1_tyr3478
teloschistes.exilis.2_tyr3488	teloschistes.exilis.2_tyr3488
wetmoreana.brouardii.1_tyr3494	wetmoreana.brouardii.1_tyr3494
trapeliopsis.flexuosa.1_tyr3499	trapeliopsis.flexuosa.1_tyr3499
trapeliopsis.flexuosa.1_tyr3499	xylographa.pallens.1_tyr1288
letharia.vulpina.1_tyr3504	letharia.vulpina.1_tyr3504
usnea.ceratina.2_tyr3511	usnea.ceratina.2_tyr3511
usnea.ceratina.2_tyr3511	cladonia.sp..6_tyr4014
mobergia.calculiformis.1_tyr3516	mobergia.calculiformis.1_tyr3516
mobergia.calculiformis.1_tyr3516	caloplaca.sp..2_tyr1451
umbilicaria.deusta.4_tyr3554	umbilicaria.deusta.4_tyr3554
cyanodermella.asteris.1_tyr3589	cyanodermella.asteris.1_tyr3589
fissurina.insidiosa.1_tyr3590	fissurina.insidiosa.1_tyr3590
flavopunctelia.flaventior.1_tyr3604	flavopunctelia.flaventior.1_tyr3604
flavopunctelia.flaventior.1_tyr3604	letrouitia.transgressa.1_tyr741
flavopunctelia.flaventior.1_tyr3604	ochrolechia.trochophora.1_tyr1000
flavopunctelia.flaventior.1_tyr3604	nephroma.helveticum.1_tyr1188
flavopunctelia.flaventior.1_tyr3604	platismatia.glauca.1_tyr3612
flavopunctelia.flaventior.1_tyr3604	platismatia.glauca.3_tyr2295
buellia.stillingiana.1_tyr3619	buellia.stillingiana.1_tyr3619
pannaria.tavaresii.1_tyr3625	pannaria.tavaresii.1_tyr3625
solorina.crocea.1_tyr3630	solorina.crocea.1_tyr3630
teloschistes.exilis.2_tyr3635	teloschistes.exilis.2_tyr3635
protoblastenia.rupestris.2_tyr3986	protoblastenia.rupestris.2_tyr3986
umbilicaria.muhlenbergii.1_tyr4002	umbilicaria.muhlenbergii.1_tyr4002
umbilicaria.muhlenbergii.1_tyr4002	buellia.spuria.2_tyr3032
polyblastidium.squamulosum.1_tyr4040	polyblastidium.squamulosum.1_tyr4040
opegrapha.moroziana.1_tyr4059	opegrapha.moroziana.1_tyr4059
dimelaena.oreina.1_tyr4063	dimelaena.oreina.1_tyr4063
micareopsis.irriguata.1_tyr4069	micareopsis.irriguata.1_tyr4069
pertusaria.propinqua.1_tyr4079	pertusaria.propinqua.1_tyr4079
icmadophila.ericetorum.1_tyr4094	icmadophila.ericetorum.1_tyr4094
dendriscocaulon.intricatulum.1_tyr4096	dendriscocaulon.intricatulum.1_tyr4096
flavoplaca.austrocitrina.1_tyr4097	flavoplaca.austrocitrina.1_tyr4097
flavoplaca.austrocitrina.1_tyr4097	flavoplaca.marina.2_tyr78
nadvornikia.sorediata.1_tyr4112	nadvornikia.sorediata.1_tyr4112
peltigera.leucophlebia.1_tyr4120	peltigera.leucophlebia.1_tyr4120
stereocaulon.virgatum.1_tyr4122	stereocaulon.virgatum.1_tyr4122
stereocaulon.virgatum.1_tyr4122	letharia.lupina.1_tyr2846
stereocaulon.virgatum.1_tyr4122	parmeliaceae.sp..17_tyr582
stereocaulon.virgatum.1_tyr4122	peltigera.leucophlebia.1_tyr3479
puttea.exsequens.1_tyr4125	puttea.exsequens.1_tyr4125
puttea.exsequens.1_tyr4125	bulbothrix.scortella.1_tyr2571
puttea.exsequens.1_tyr4125	mycoblastus.sanguinarius.1_tyr3796
puttea.exsequens.1_tyr4125	lepraria.finkii.1_tyr480
puttea.exsequens.1_tyr4125	xanthoparmelia.tasmanica.1_tyr1556
puttea.exsequens.1_tyr4125	lepraria.finkii.1_tyr3086
puttea.exsequens.1_tyr4125	platismatia.glauca.3_tyr2090
cladophialophora.sp..1_tyr4136	cladophialophora.sp..1_tyr4136
cladophialophora.sp..1_tyr4136	cladophialophora.sp..1_tyr3151
umbilicaria.vellea.1_tyr4141	umbilicaria.vellea.1_tyr4141
umbilicaria.vellea.1_tyr4141	cladophialophora.endolichena.1_tyr430
leptogium.austroamericanum.2_tyr4156	leptogium.austroamericanum.2_tyr4156
stictis.urceolata.1_tyr4160	stictis.urceolata.1_tyr4160
bacidia.gigantensis.1_tyr4167	bacidia.gigantensis.1_tyr4167
ramalina.farinacea.1_tyr4179	ramalina.farinacea.1_tyr4179
ramalina.farinacea.1_tyr4179	cladonia.robbinsii.1_tyr222
OZ2100_008954-T1	OZ2100_008954-T1
XcGTX0491_008785-T1	XcGTX0491_008785-T1
XcGTX0491_008785-T1	xanthoria.aureola.1_tyr3071
XpGTX0501_010485-T1	XpGTX0501_010485-T1
umbilicaria.polyphylla.1_tyr2011	umbilicaria.polyphylla.1_tyr2011
umbilicaria.polyphylla.1_tyr2011	acarospora.socialis.1_tyr836
rinodina.dolichospora.1_tyr2026	rinodina.dolichospora.1_tyr2026
rinodina.dolichospora.1_tyr2026	parmotrema.neotropicum.1_tyr221
rinodina.dolichospora.1_tyr2026	pertusaria.epixantha.1_tyr913
xylographa.bjoerkii.1_tyr2039	xylographa.bjoerkii.1_tyr2039
gomphillus.calycioides.1_tyr2044	gomphillus.calycioides.1_tyr2044
umbilicaria.phaea.3_tyr2049	umbilicaria.phaea.3_tyr2049
umbilicaria.phaea.3_tyr2049	cladonia.uncialis.1_tyr1943
umbilicaria.crustulosa.3_tyr2056	umbilicaria.crustulosa.3_tyr2056
leptogium.corticola.1_tyr2099	leptogium.corticola.1_tyr2099
leptogium.corticola.1_tyr2099	peltigera.aphthosa.1_tyr3761
melanina.sp..2_tyr2115	melanina.sp..2_tyr2115
umbilicaria.deusta.4_tyr2123	umbilicaria.deusta.4_tyr2123
fissurina.insidiosa.1_tyr2126	fissurina.insidiosa.1_tyr2126
porina.heterospora.1_tyr2130	porina.heterospora.1_tyr2130
letharia.lupina.1_tyr2135	letharia.lupina.1_tyr2135
buellia.spuria.2_tyr2143	buellia.spuria.2_tyr2143
buellia.spuria.2_tyr2143	alectoria.ochroleuca.1_tyr213
buellia.spuria.2_tyr2143	lecanora.atra.1_tyr4123
coniocarpon.cinnabarinum.2_tyr2144	coniocarpon.cinnabarinum.2_tyr2144
pertusaria.obruta.1_tyr2146	pertusaria.obruta.1_tyr2146
ptychographa.xylographoides.1_tyr2152	ptychographa.xylographoides.1_tyr2152
teloschistes.exilis.3_tyr2165	teloschistes.exilis.3_tyr2165
teloschistes.exilis.3_tyr2165	gyalolechia.fulgens.1_tyr1884
teloschistes.exilis.3_tyr2165	flavoplaca.marina.2_tyr3656
protoblastenia.rupestris.2_tyr2177	protoblastenia.rupestris.2_tyr2177
caloplaca.sp..1_tyr2181	caloplaca.sp..1_tyr2181
caloplaca.sp..1_tyr2181	flavoplaca.austrocitrina.1_tyr723
cladophialophora.sp..2_tyr2183	cladophialophora.sp..2_tyr2183
cladophialophora.sp..2_tyr2183	gyalecta.farlowii.1_tyr1838
lambiella.insularis.1_tyr2190	lambiella.insularis.1_tyr2190
cladophialophora.endolichena.1_tyr2203	cladophialophora.endolichena.1_tyr2203
lecanorales.sp..3_tyr2207	lecanorales.sp..3_tyr2207
lecanorales.sp..3_tyr2207	cladonia.rangiferina.1_tyr305
lecanorales.sp..3_tyr2207	letharia.columbiana.1_tyr1459
acanthothecis.fontana.1_tyr2209	acanthothecis.fontana.1_tyr2209
stereocaulon.dactylophyllum.1_tyr2212	stereocaulon.dactylophyllum.1_tyr2212
stereocaulon.dactylophyllum.1_tyr2212	solorina.crocea.1_tyr1762
stereocaulon.dactylophyllum.1_tyr2212	lecanora.atra.1_tyr3919
stereocaulon.dactylophyllum.1_tyr2212	teloschistes.peruensis.1_tyr1355
stereocaulon.dactylophyllum.1_tyr2212	peltigera.hydrothyria.1_tyr3639
acarospora.socialis.1_tyr2216	acarospora.socialis.1_tyr2216
punctelia.appalachensis.1_tyr2219	punctelia.appalachensis.1_tyr2219
punctelia.appalachensis.1_tyr2219	botryolepraria.lesdainii.1_tyr4168
alectoria.sarmentosa.4_tyr2248	alectoria.sarmentosa.4_tyr2248
alectoria.sarmentosa.4_tyr2248	hypotrachyna.catawbiensis.1_tyr70
alectoria.sarmentosa.4_tyr2248	evernia.divaricata.1_tyr91
alectoria.sarmentosa.4_tyr2248	umbilicaria.deusta.1_tyr129
alectoria.sarmentosa.4_tyr2248	micareopsis.irriguata.1_tyr332
alectoria.sarmentosa.4_tyr2248	pertusaria.plittiana.1_tyr2716
alectoria.sarmentosa.4_tyr2248	stictis.urceolata.1_tyr1936
alectoria.sarmentosa.4_tyr2248	phlyctis.speirea.1_tyr1966
alectoria.sarmentosa.4_tyr2248	cladonia.metacorallifera.1_tyr3646
alectoria.sarmentosa.4_tyr2248	lecidella.sp..1_tyr3667
alectoria.sarmentosa.4_tyr2248	fissurina.insidiosa.1_tyr3797
alectoria.sarmentosa.4_tyr2248	stictis.urceolata.2_tyr3841
alectoria.sarmentosa.4_tyr2248	parmotrema.xanthinum.1_tyr3941
alectoria.sarmentosa.4_tyr2248	leprocaulales.sp..1_tyr3963
alectoria.sarmentosa.4_tyr2248	lecanora.helva.1_tyr587
alectoria.sarmentosa.4_tyr2248	phlyctis.petraea.1_tyr590
alectoria.sarmentosa.4_tyr2248	circinaria.calcarea.1_tyr662
alectoria.sarmentosa.4_tyr2248	icmadophila.ericetorum.1_tyr760
alectoria.sarmentosa.4_tyr2248	lecanorales.sp..4_tyr1332
alectoria.sarmentosa.4_tyr2248	acanthothecis.fontana.1_tyr1575
alectoria.sarmentosa.4_tyr2248	phlyctis.petraea.1_tyr2918
alectoria.sarmentosa.4_tyr2248	lecanora.subimmergens.1_tyr2969
alectoria.sarmentosa.4_tyr2248	lecanora.subimmergens.1_tyr3085
alectoria.sarmentosa.4_tyr2248	obscuroplaca.camptidia.1_tyr3126
alectoria.sarmentosa.4_tyr2248	dibaeis.sorediata.1_tyr822
alectoria.sarmentosa.4_tyr2248	cetrelia.chicitae.1_tyr924
alectoria.sarmentosa.4_tyr2248	lecanora.rugosella.1_tyr1097
alectoria.sarmentosa.4_tyr2248	byssoloma.meadii.1_tyr1150
alectoria.sarmentosa.4_tyr2248	leucodermia.appalachiensis.1_tyr1199
alectoria.sarmentosa.4_tyr2248	baeomycetales.sp..4_tyr3271
alectoria.sarmentosa.4_tyr2248	lecanorales.sp..6_tyr3448
alectoria.sarmentosa.4_tyr2248	alectoria.sarmentosa.2_tyr3470
alectoria.sarmentosa.4_tyr2248	umbilicaria.deusta.1_tyr3545
alectoria.sarmentosa.4_tyr2248	cladonia.sp..3_tyr3587
alectoria.sarmentosa.4_tyr2248	umbilicaria.hispanica.4_tyr3617
alectoria.sarmentosa.4_tyr2248	psora.testacea.1_tyr3628
alectoria.sarmentosa.4_tyr2248	acanthothecis.fontana.1_tyr3987
alectoria.sarmentosa.4_tyr2248	parmeliaceae.sp..22_tyr4031
alectoria.sarmentosa.4_tyr2248	fissurina.insidiosa.1_tyr4178
alectoria.sarmentosa.4_tyr2248	xylographa.carneopallida.1_tyr2106
alectoria.sarmentosa.4_tyr2248	cladonia.grayi.1_tyr2378
alectoria.sarmentosa.4_tyr2248	lepraria.neglecta.1_tyr2380
xanthoparmelia.verrucella.1_tyr2252	xanthoparmelia.verrucella.1_tyr2252
pectenia.plumbea.1_tyr2272	pectenia.plumbea.1_tyr2272
pilophorus.fibula.1_tyr2273	pilophorus.fibula.1_tyr2273
gyalolechia.marmorata.1_tyr2287	gyalolechia.marmorata.1_tyr2287
pertusaria.obruta.1_tyr2294	pertusaria.obruta.1_tyr2294
gallowayella.fulva.1_tyr2297	gallowayella.fulva.1_tyr2297
lecanorales.sp..2_tyr2300	lecanorales.sp..2_tyr2300
lecanorales.sp..2_tyr2300	psora.testacea.1_tyr75
lecanorales.sp..2_tyr2300	lepraria.neglecta.1_tyr2666
lecanorales.sp..2_tyr2300	lecanora.oreinoides.1_tyr2764
lecanorales.sp..2_tyr2300	lepraria.leprolomopsis.1_tyr1810
lecanorales.sp..2_tyr2300	lecanorales.sp..5_tyr1919
lecanorales.sp..2_tyr2300	stereocaulon.virgatum.1_tyr1959
lecanorales.sp..2_tyr2300	umbilicaria.mammulata.1_tyr3706
lecanorales.sp..2_tyr2300	lecanorales.sp..5_tyr702
lecanorales.sp..2_tyr2300	umbilicaria.freyi.3_tyr2928
lecanorales.sp..2_tyr2300	cetradonia.linearis.1_tyr3193
lecanorales.sp..2_tyr2300	punctelia.appalachensis.1_tyr925
lecanorales.sp..2_tyr2300	lecanorales.sp..4_tyr975
lecanorales.sp..2_tyr2300	gyalecta.farlowii.1_tyr1066
lecanorales.sp..2_tyr2300	rhizocarpon.geographicum.1_tyr3412
lecanorales.sp..2_tyr2300	stereocaulon.virgatum.1_tyr2296
lecanora.atra.1_tyr2332	lecanora.atra.1_tyr2332
mycosphaerellales.sp..1_tyr2339	mycosphaerellales.sp..1_tyr2339
mycosphaerellales.sp..1_tyr2340	mycosphaerellales.sp..1_tyr2340
thelotrema.lepadinum.2_tyr2343	thelotrema.lepadinum.2_tyr2343
lobaria.immixta.1_tyr2349	lobaria.immixta.1_tyr2349
lecanorales.sp..2_tyr2350	lecanorales.sp..2_tyr2350
cladonia.rangiferina.2_tyr2351	cladonia.rangiferina.2_tyr2351
usnea.florida.1_tyr2354	usnea.florida.1_tyr2354
flavoplaca.austrocitrina.1_tyr2357	flavoplaca.austrocitrina.1_tyr2357
flavoplaca.sp..1_tyr2361	flavoplaca.sp..1_tyr2361
umbilicaria.crustulosa.2_tyr2366	umbilicaria.crustulosa.2_tyr2366
umbilicaria.crustulosa.2_tyr2366	cladonia.sp..6_tyr1274
umbilicaria.crustulosa.2_tyr2366	platismatia.glauca.2_tyr870
umbilicaria.crustulosa.2_tyr2366	parmeliaceae.sp..19_tyr1117
umbilicaria.crustulosa.2_tyr2366	cladonia.diversa.2_tyr3629
umbilicaria.crustulosa.2_tyr2366	pseudevernia.cladonia.1_tyr2154
flavoplaca.sp..1_tyr2392	flavoplaca.sp..1_tyr2392
teratosphaeriaceae.sp..1_tyr2413	teratosphaeriaceae.sp..1_tyr2413
melanohalea.halei.1_tyr2427	melanohalea.halei.1_tyr2427
